33281,0,10000
477805,1,80000
1634217,2,200000
1704768,3,20000
1723391,4,200000
2352443,5,80000
2589292,6,200000
2632536,7,50000
2637097,8,30000
3033285,9,30000
3287005,10,80000
3306350,11,10000
5091089,12,200000
5452013,13,30000
5582957,14,10000
5633606,15,10000
5661590,16,80000
5843634,17,30000
6004544,18,10000
6030381,19,10000
6120130,20,20000
6145998,21,50000
6377487,22,80000
6547732,23,10000
6651089,24,80000
6760111,25,80000
7025455,26,30000
7122351,27,20000
8024348,28,50000
8194120,29,30000
8285747,30,50000
8565389,31,80000
8741696,32,30000
8765937,33,80000
8859440,34,10000
9474964,35,50000
9686938,36,50000
9696599,37,50000
10219418,38,20000
10706458,39,10000
11748840,40,80000
11985068,41,30000
12230582,42,50000
12313362,43,20000
13027475,44,50000
13048499,45,10000
13739206,46,80000
13816012,47,10000
14000538,48,50000
14349660,49,50000
14622262,50,200000
14651791,51,80000
14863223,52,80000
15235114,53,80000
15641082,54,10000
15688587,55,20000
15723007,56,10000
15932916,57,80000
16108203,58,30000
16162377,59,50000
16582430,60,80000
16923741,61,200000
17189727,62,10000
17920409,63,10000
18464790,0,80000
18537872,1,10000
18696596,2,50000
19920879,3,10000
20905311,4,30000
21241018,5,10000
21408008,6,10000
21753670,7,50000
22153975,8,80000
22496702,9,200000
22649556,10,200000
23715282,11,30000
23724876,12,20000
23880529,13,10000
24186912,14,20000
24816564,15,10000
25332058,16,10000
25432869,17,80000
25735866,18,20000
26176278,19,30000
26436364,20,10000
26918057,21,200000
27743420,22,10000
27800442,23,30000
28011796,24,10000
28264725,25,50000
28421521,26,80000
28776776,27,10000
28948719,28,200000
29896126,29,80000
30094663,30,10000
31813567,31,200000
31864701,32,30000
32218188,33,10000
32612104,34,200000
32788894,35,80000
33242559,36,10000
33509207,37,80000
33894143,38,200000
34011963,39,200000
34079578,40,80000
34795296,41,30000
35368232,42,50000
35970566,43,200000
35974977,44,30000
36140262,45,10000
36275038,46,10000
37012645,47,30000
37064649,48,80000
37208743,49,10000
38011972,50,80000
38024511,51,30000
38832408,52,200000
38940872,53,50000
39316562,54,80000
39335496,55,80000
39392178,56,10000
39429565,57,50000
39505831,58,30000
39550026,59,10000
39683803,60,50000
40103135,61,10000
40380033,62,80000
40775586,63,80000
41239450,0,80000
41677559,1,10000
41726733,2,10000
42032885,3,80000
42407955,4,30000
43424341,5,20000
44120504,6,50000
45297956,7,80000
45407599,8,200000
45678517,9,80000
45984663,10,10000
45991922,11,80000
47013831,12,50000
48127933,13,80000
48471264,14,10000
48615155,15,10000
49303119,16,50000
49901869,17,10000
50470179,18,80000
50639985,19,80000
50732682,20,80000
50846521,21,10000
51153946,22,10000
51178513,23,30000
51345017,24,50000
51693394,25,80000
51972848,26,80000
52708584,27,80000
52743550,28,10000
52928902,29,80000
53695622,30,20000
54213492,31,10000
54761078,32,10000
54768379,33,200000
54953272,34,200000
55580023,35,10000
56741617,36,10000
57872907,37,30000
58028806,38,80000
59843852,39,30000
59969473,40,10000
60222301,41,10000
60467057,42,10000
60904131,43,50000
61157418,44,10000
62194576,45,50000
62656831,46,10000
62701023,47,50000
63317841,48,30000
63401219,49,10000
64241501,50,20000
64763003,51,10000
64866264,52,20000
64956273,53,80000
65231952,54,50000
65237992,55,50000
65685935,56,30000
65770379,57,30000
66257791,58,80000
66520274,59,20000
66526839,60,200000
66725927,61,50000
67437681,62,200000
67490475,63,10000
68313990,0,50000
68371748,1,200000
68631751,2,10000
69002126,3,10000
69505715,4,200000
70233072,5,50000
70784038,6,50000
71633904,7,80000
72520508,8,10000
73085273,9,200000
73122263,10,10000
73725351,11,200000
73735952,12,50000
74573016,13,80000
74793828,14,10000
75000228,15,200000
75297022,16,80000
75775772,17,10000
75974097,18,30000
75975994,19,80000
76022010,20,50000
76098293,21,80000
76309372,22,80000
76390294,23,10000
76849709,24,80000
77053766,25,80000
77300848,26,20000
77316439,27,20000
77353017,28,10000
77575458,29,50000
77717956,30,30000
78316968,31,30000
78906589,32,30000
79330804,33,50000
79752354,34,200000
80519279,35,50000
80714380,36,200000
81210658,37,50000
81218893,38,80000
81700112,39,80000
81734618,40,10000
81811959,41,20000
82606886,42,200000
83766899,43,30000
84124813,44,80000
84267382,45,20000
84516113,46,10000
85337078,47,30000
85441222,48,200000
85842965,49,80000
85948738,50,10000
86058956,51,20000
86974800,52,200000
87261939,53,80000
87902718,54,80000
88101103,55,30000
88194907,56,30000
88380626,57,80000
89515740,58,20000
89523710,59,30000
90515059,60,20000
90845925,61,10000
91009763,62,20000
91324339,63,50000
91624554,0,50000
92233184,1,80000
92584696,2,20000
92868031,3,50000
93180085,4,50000
93331518,5,80000
93374960,6,30000
94504891,7,50000
94861765,8,30000
95903085,9,50000
95935277,10,200000
96830459,11,10000
97385976,12,80000
98292033,13,30000
98304079,14,80000
99257037,15,10000
99497355,16,10000
99925939,17,10000
100052717,18,50000
100965008,19,80000
101499553,20,20000
101832513,21,200000
102098674,22,10000
102252658,23,50000
102563983,24,10000
103060942,25,200000
103226961,26,30000
104682239,27,20000
104691472,28,200000
104718556,29,10000
104806147,30,50000
105121315,31,20000
105831436,32,80000
106028412,33,10000
106372972,34,200000
107277291,35,80000
108633074,36,50000
108685017,37,30000
109064241,38,50000
110861678,39,10000
111193152,40,10000
112520884,41,20000
113057790,42,10000
114556859,43,10000
115942152,44,10000
116209776,45,200000
117266770,46,10000
117400219,47,50000
118025243,48,10000
118050778,49,50000
119164919,50,30000
119517345,51,50000
119626484,52,80000
119651086,53,50000
120714467,54,50000
120814535,55,10000
121341233,56,50000
122062477,57,80000
122323164,58,50000
122629831,59,30000
123011272,60,50000
123056506,61,30000
123264023,62,50000
123425905,63,80000
123647070,0,80000
123755103,1,50000
123845156,2,50000
124008401,3,50000
124154104,4,30000
124168530,5,30000
124219307,6,10000
125197861,7,20000
125264837,8,80000
126184388,9,200000
126384496,10,20000
126930839,11,10000
127282393,12,30000
127406993,13,200000
127473317,14,30000
127622930,15,10000
127778722,16,80000
129309706,17,30000
129988962,18,50000
131301401,19,20000
132085336,20,200000
132124943,21,30000
132890700,22,80000
133728622,23,50000
133820329,24,30000
133947737,25,80000
134146037,26,10000
134639766,27,10000
135175972,28,50000
135653461,29,30000
136992012,30,20000
137515323,31,30000
137956931,32,30000
138925674,33,20000
139121519,34,30000
139170331,35,80000
139478036,36,50000
139513947,37,10000
139570283,38,50000
139817671,39,50000
139819128,40,30000
139846511,41,20000
140111932,42,50000
140847949,43,80000
140927331,44,10000
141882901,45,80000
142398153,46,10000
142619196,47,50000
142630953,48,30000
143248371,49,20000
143317761,50,10000
143845402,51,30000
143926639,52,30000
144058808,53,20000
144274780,54,80000
144493124,55,50000
144870900,56,30000
145164336,57,80000
145437339,58,30000
145625799,59,30000
145701916,60,10000
146088488,61,50000
146232250,62,30000
147149582,63,50000
148130972,0,20000
148416175,1,50000
148862613,2,30000
148886639,3,80000
148937622,4,30000
149032011,5,20000
149172016,6,30000
149195963,7,200000
149320865,8,30000
150749360,9,50000
151595963,10,50000
151626926,11,50000
152260971,12,30000
152514578,13,80000
152682590,14,10000
153100437,15,80000
153969364,16,10000
154165437,17,50000
154487928,18,10000
154804612,19,80000
155213405,20,10000
155214799,21,50000
155799790,22,30000
156009281,23,10000
156031247,24,10000
156218534,25,20000
156248820,26,80000
156776947,27,20000
157349833,28,20000
157687182,29,30000
157898677,30,50000
158462102,31,10000
159331806,32,50000
159392063,33,10000
159407160,34,80000
159517240,35,80000
160756160,36,80000
160882467,37,10000
160889904,38,80000
161912945,39,20000
162498311,40,10000
162712620,41,200000
162923774,42,80000
163131226,43,10000
163916689,44,10000
164084105,45,200000
164108692,46,200000
165614901,47,30000
166104192,48,200000
166550056,49,30000
167471162,50,10000
167763990,51,20000
168016494,52,80000
168521654,53,80000
168712613,54,30000
170183133,55,80000
170398374,56,80000
170611013,57,50000
170801007,58,30000
171056769,59,80000
171530138,60,50000
171643472,61,80000
172091766,62,50000
173643159,63,20000
174005290,0,50000
174564700,1,50000
175247320,2,80000
175608321,3,80000
175952956,4,10000
176314647,5,30000
177181477,6,30000
177685797,7,80000
178075496,8,10000
178471377,9,10000
179310428,10,30000
179310466,11,200000
179429204,12,10000
179898305,13,200000
181501323,14,200000
181510272,15,10000
181648958,16,30000
181992660,17,50000
183016416,18,10000
183173336,19,80000
183312149,20,30000
183457060,21,20000
184393815,22,200000
184411161,23,30000
184603185,24,10000
185107029,25,10000
185562097,26,200000
185612932,27,80000
186111661,28,50000
186160645,29,30000
186169344,30,10000
187521894,31,80000
187880259,32,30000
188034059,33,10000
188391133,34,30000
188543800,35,30000
188766298,36,20000
189067082,37,200000
189379292,38,80000
190197454,39,80000
190888792,40,10000
191258844,41,80000
191531865,42,50000
191587190,43,30000
191735213,44,10000
192089830,45,10000
192101755,46,200000
192137425,47,20000
192158192,48,30000
192468605,49,80000
192566796,50,50000
192578322,51,10000
193632366,52,80000
194009224,53,10000
194179560,54,30000
194480992,55,10000
194992664,56,30000
195331517,57,80000
196829150,58,80000
196924883,59,10000
197000451,60,80000
197284258,61,80000
197364973,62,20000
197990106,63,20000
198077009,0,20000
198123105,1,80000
198335983,2,10000
198463046,3,20000
198486171,4,20000
198615593,5,80000
198873915,6,50000
199360418,7,30000
199526772,8,80000
199958252,9,50000
200287676,10,50000
200531200,11,80000
200697639,12,200000
200862227,13,20000
202814449,14,30000
202868355,15,80000
203016193,16,10000
203381513,17,80000
203655830,18,20000
203742166,19,10000
203821003,20,80000
204387706,21,10000
204833358,22,20000
205111767,23,30000
205178749,24,10000
205323008,25,10000
205885399,26,50000
206108810,27,10000
206130125,28,30000
206132978,29,80000
206611411,30,30000
207632493,31,80000
207870945,32,10000
208985120,33,80000
209101447,34,80000
209119526,35,50000
209377568,36,50000
209411460,37,30000
209657134,38,200000
209719865,39,20000
210230791,40,30000
210546188,41,50000
211002537,42,30000
211308084,43,200000
211652893,44,30000
211805042,45,50000
211858900,46,50000
212136124,47,10000
212354647,48,10000
212647532,49,200000
212799611,50,200000
214062512,51,80000
214139590,52,50000
215172141,53,200000
215373223,54,80000
215515223,55,30000
215515282,56,200000
215590093,57,200000
216259850,58,200000
216329383,59,20000
216417216,60,80000
216607088,61,50000
219369033,62,80000
220443161,63,50000
221281527,0,10000
221312384,1,50000
221426203,2,10000
222392258,3,30000
222426090,4,80000
222556696,5,30000
223268213,6,10000
223497068,7,80000
223539527,8,50000
224097736,9,30000
224332156,10,200000
224856274,11,50000
224861191,12,200000
224996211,13,80000
225429326,14,10000
225522949,15,50000
226199513,16,80000
227730676,17,50000
228471051,18,80000
228613019,19,20000
228898866,20,30000
228925461,21,10000
229020358,22,20000
230767257,23,30000
231035291,24,200000
231590564,25,10000
232026969,26,80000
232530410,27,30000
232547058,28,30000
232944758,29,30000
233496868,30,30000
234004953,31,80000
234069359,32,10000
234679179,33,10000
234914640,34,200000
235157347,35,80000
235198513,36,80000
235363948,37,50000
235968663,38,20000
236941974,39,50000
236964042,40,30000
237328354,41,80000
237820354,42,10000
237862285,43,50000
237989565,44,80000
238227320,45,50000
238765591,46,30000
239611249,47,10000
240044421,48,20000
240045171,49,10000
240380580,50,30000
240672021,51,80000
240708361,52,30000
240840252,53,10000
241710385,54,200000
241750061,55,80000
242090249,56,30000
242682726,57,50000
242696082,58,10000
242824673,59,80000
242917535,60,20000
243999290,61,50000
244887111,62,80000
245307326,63,10000
246336060,0,80000
246489086,1,20000
246774771,2,20000
246907129,3,10000
247476014,4,50000
247815822,5,30000
247819650,6,20000
248830523,7,50000
248975346,8,30000
249198366,9,10000
249404848,10,20000
249529163,11,10000
249610585,12,50000
249703093,13,10000
250224410,14,80000
250317894,15,10000
250492145,16,50000
251035080,17,30000
251669895,18,20000
251773677,19,10000
251844854,20,10000
251961005,21,30000
254244873,22,10000
254406581,23,50000
254868822,24,200000
254913578,25,20000
255455824,26,50000
255688014,27,20000
256618124,28,80000
257049549,29,80000
257386670,30,30000
259021349,31,200000
259053531,32,10000
259707825,33,30000
260342861,34,10000
260973479,35,10000
261870829,36,10000
262629087,37,50000
262968548,38,10000
263279540,39,10000
263505469,40,80000
263596231,41,10000
264512758,42,30000
264664385,43,30000
264733539,44,30000
264784201,45,20000
264789827,46,200000
265666332,47,50000
266766194,48,10000
267582091,49,50000
267739667,50,10000
267931112,51,50000
268146410,52,10000
268283940,53,10000
268591385,54,30000
269908025,55,50000
270065330,56,10000
270236497,57,50000
270491767,58,200000
271301682,59,80000
271724456,60,80000
272082231,61,30000
272857346,62,200000
272872506,63,200000
273651776,0,50000
274244876,1,80000
274733136,2,50000
276347961,3,80000
277048123,4,10000
277416289,5,10000
277623041,6,20000
278119983,7,200000
278247929,8,20000
278408069,9,50000
278472482,10,50000
278482756,11,80000
278554076,12,200000
278797875,13,30000
279181884,14,50000
280218089,15,80000
280804286,16,80000
282301328,17,30000
282339742,18,80000
282386498,19,80000
282874138,20,50000
283014336,21,20000
283096870,22,30000
283980773,23,20000
284420524,24,80000
284740740,25,30000
284853037,26,50000
284877330,27,10000
284880807,28,10000
285061967,29,20000
285265156,30,80000
285370350,31,10000
285436314,32,80000
285594564,33,80000
285724697,34,50000
286066260,35,80000
286885245,36,30000
287639218,37,20000
287805700,38,30000
288381270,39,30000
289772204,40,10000
289801323,41,30000
290650899,42,50000
290821856,43,80000
290824704,44,10000
291107205,45,30000
291709547,46,200000
291764832,47,80000
291840634,48,30000
292405662,49,10000
292989957,50,80000
293489781,51,10000
294851581,52,30000
294877641,53,200000
295024771,54,30000
295068131,55,80000
295239432,56,10000
295407343,57,20000
295466478,58,80000
296097030,59,80000
296350415,60,30000
296668387,61,10000
296802432,62,30000
296839262,63,80000
297023519,0,80000
297319263,1,80000
297772612,2,10000
298194348,3,80000
298745911,4,10000
298927048,5,10000
299553304,6,10000
300567763,7,10000
300921779,8,80000
301057192,9,10000
301557848,10,10000
302042416,11,10000
302710014,12,10000
302864621,13,10000
304855321,14,10000
305854007,15,80000
307463363,16,30000
308753365,17,200000
308894695,18,30000
309335291,19,10000
309919431,20,10000
310281681,21,80000
310518326,22,50000
310529497,23,50000
310703931,24,10000
310952249,25,200000
311409415,26,10000
311677853,27,10000
312447979,28,80000
312794931,29,10000
313523615,30,30000
314536688,31,30000
314921897,32,200000
315097281,33,30000
315359316,34,30000
315613763,35,50000
315938451,36,30000
316099424,37,200000
316305540,38,200000
316541843,39,50000
316946884,40,50000
316963903,41,50000
318235900,42,80000
318497296,43,10000
319170055,44,50000
319462138,45,80000
320835925,46,10000
321361458,47,50000
321985376,48,50000
322221359,49,80000
322299508,50,200000
322333392,51,10000
322387576,52,20000
323484991,53,80000
324274716,54,10000
324677297,55,80000
324741526,56,20000
325489101,57,20000
326096973,58,10000
327029899,59,80000
327338425,60,80000
327508393,61,20000
327848546,62,10000
328077346,63,50000
328589626,0,30000
328924883,1,80000
329496144,2,10000
329828323,3,50000
330448855,4,10000
330693320,5,50000
331211323,6,20000
331335405,7,10000
332400722,8,30000
333874931,9,30000
334036520,10,80000
334090171,11,200000
334336552,12,30000
334580604,13,30000
335576399,14,80000
335758720,15,50000
335910209,16,50000
336270158,17,80000
336296065,18,30000
337508878,19,20000
337737287,20,30000
337959914,21,200000
338206696,22,50000
338296140,23,30000
338378093,24,50000
338588829,25,30000
339266067,26,200000
339874586,27,50000
340704970,28,80000
341087282,29,80000
341411790,30,80000
341846222,31,80000
342086865,32,200000
342449463,33,50000
343006606,34,80000
343078056,35,30000
343132946,36,10000
343155852,37,30000
343218648,38,80000
343663651,39,50000
344616412,40,30000
344733447,41,20000
345115029,42,30000
346521199,43,200000
346726531,44,10000
346975705,45,10000
347275155,46,30000
347800591,47,80000
348078635,48,10000
348159473,49,10000
348161457,50,10000
348212430,51,50000
348266691,52,200000
348277592,53,80000
349004735,54,30000
349537393,55,30000
349561577,56,200000
349628240,57,200000
349690005,58,30000
349949245,59,80000
350270909,60,10000
351372126,61,50000
351480555,62,20000
351838896,63,200000
351901463,0,10000
352087937,1,200000
352501651,2,30000
352856740,3,200000
352998788,4,10000
353060571,5,10000
354615133,6,50000
355217900,7,30000
355229296,8,200000
355464901,9,30000
355531605,10,10000
355592395,11,10000
356196915,12,10000
356341177,13,200000
356384525,14,200000
356855812,15,20000
357670232,16,30000
357976312,17,10000
358005402,18,80000
358048167,19,10000
358700383,20,50000
359677614,21,10000
361469784,22,80000
362001562,23,80000
362529968,24,30000
362805496,25,10000
362915242,26,80000
363223002,27,80000
363369231,28,50000
363969645,29,10000
364048968,30,80000
364052087,31,10000
364158924,32,30000
364443962,33,50000
365324722,34,30000
366018032,35,30000
366453352,36,10000
366889893,37,30000
366934671,38,200000
367811201,39,50000
367930052,40,10000
368062329,41,30000
368194790,42,10000
368846116,43,80000
369970535,44,10000
370040298,45,30000
370389140,46,30000
371631525,47,10000
371802800,48,30000
371986641,49,50000
372138471,50,200000
372355446,51,10000
373594581,52,80000
373721036,53,10000
374463098,54,30000
374811430,55,50000
374937477,56,80000
375387591,57,80000
376223903,58,80000
376447698,59,20000
376990718,60,10000
377204481,61,80000
377598137,62,10000
377763471,63,50000
378484458,0,10000
378660919,1,80000
379673296,2,30000
379728141,3,30000
380414802,4,80000
380753770,5,80000
381411862,6,80000
381707929,7,30000
381754580,8,80000
381812210,9,10000
382527231,10,10000
382590551,11,80000
383244041,12,10000
383818276,13,80000
384114510,14,10000
384496323,15,30000
385190171,16,50000
385474433,17,80000
385931121,18,200000
386104961,19,20000
386201321,20,50000
386304246,21,50000
386363270,22,20000
386549637,23,80000
386630331,24,80000
386782648,25,30000
386989164,26,80000
387092899,27,50000
387264496,28,20000
388231855,29,80000
388569978,30,30000
389156554,31,20000
389662056,32,80000
389789605,33,10000
390026588,34,10000
390559180,35,80000
391268745,36,20000
392234356,37,20000
392714667,38,30000
392818463,39,80000
393180071,40,10000
393374890,41,10000
393852126,42,50000
394409412,43,10000
394790457,44,50000
394934557,45,50000
395115615,46,10000
395307134,47,10000
395488912,48,10000
396811461,49,30000
397541172,50,10000
397743013,51,10000
397805389,52,20000
399125223,53,50000
399180167,54,30000
399214902,55,10000
399434704,56,10000
399531254,57,10000
399749200,58,10000
400486422,59,80000
400692158,60,200000
401061445,61,80000
402761929,62,80000
403335672,63,10000
403661984,0,50000
404599973,1,20000
405331524,2,30000
405659527,3,20000
405864341,4,80000
405929498,5,80000
406022308,6,50000
406093868,7,10000
407084235,8,10000
407208872,9,30000
407661244,10,10000
407770362,11,30000
408200918,12,50000
408770130,13,50000
409296411,14,80000
409529545,15,10000
409530168,16,20000
409548380,17,50000
409912774,18,10000
409918856,19,50000
410197361,20,80000
410396540,21,50000
410540721,22,200000
410558140,23,200000
410862276,24,80000
410886292,25,20000
410990105,26,80000
412858119,27,200000
412876811,28,80000
413090881,29,20000
414036204,30,80000
414912440,31,200000
415891848,32,50000
416033866,33,30000
416223695,34,30000
416975332,35,30000
417636264,36,30000
417772299,37,80000
417989216,38,10000
418078066,39,80000
418258606,40,80000
418342905,41,10000
418439434,42,10000
418675295,43,50000
420226114,44,20000
420395535,45,10000
420429170,46,10000
420464734,47,10000
420671573,48,200000
421002121,49,10000
421280402,50,80000
421484544,51,10000
421982208,52,10000
422174985,53,50000
422766930,54,80000
423398874,55,10000
423421717,56,10000
423587295,57,50000
423786147,58,10000
424040741,59,80000
424810430,60,30000
425178695,61,30000
425370219,62,80000
425667461,63,10000
425979991,0,80000
426503810,1,30000
428108412,2,30000
428180246,3,10000
428193109,4,30000
428968865,5,10000
428971725,6,10000
429181198,7,80000
429654392,8,10000
429796769,9,10000
430197062,10,30000
430222578,11,80000
431029639,12,50000
432218715,13,20000
432248340,14,200000
432531408,15,50000
432713957,16,80000
433928301,17,30000
434505170,18,80000
435020267,19,10000
435590792,20,50000
435915457,21,10000
436148948,22,80000
436643122,23,20000
437045312,24,20000
437269990,25,10000
437655879,26,10000
437930670,27,200000
438051119,28,80000
438464278,29,50000
438497545,30,50000
438633044,31,200000
438934801,32,30000
438962120,33,30000
439198934,34,50000
440071724,35,200000
440426470,36,80000
440466117,37,80000
440565082,38,10000
440696507,39,10000
440911015,40,10000
441479615,41,80000
441986372,42,30000
443249514,43,50000
444880518,44,30000
445299472,45,80000
445498773,46,30000
445658992,47,80000
445963833,48,10000
447107019,49,20000
447760642,50,20000
448376718,51,50000
448479676,52,10000
448628260,53,10000
448631432,54,20000
448878077,55,200000
449143727,56,30000
449233352,57,50000
449472367,58,80000
449896019,59,10000
450396206,60,200000
450517396,61,10000
450693898,62,30000
450965735,63,10000
451018830,0,10000
451089528,1,10000
451163637,2,50000
451416459,3,10000
452019779,4,20000
452422218,5,80000
453225421,6,10000
453794253,7,80000
454206934,8,200000
454366440,9,30000
454662372,10,80000
455329260,11,30000
456553304,12,10000
457019077,13,10000
457171790,14,80000
457264576,15,30000
457355365,16,50000
458815627,17,30000
459108583,18,20000
461248244,19,80000
461298146,20,200000
461370777,21,20000
461803521,22,10000
461839729,23,30000
462025059,24,10000
462046181,25,50000
462467400,26,30000
462761710,27,200000
463459788,28,30000
463616549,29,80000
463643336,30,50000
463929707,31,200000
464070526,32,80000
464103306,33,80000
464322174,34,50000
464371614,35,20000
464402658,36,30000
464430957,37,10000
464619340,38,20000
464697902,39,200000
464855146,40,50000
465498687,41,30000
465679659,42,20000
465908785,43,50000
465973076,44,200000
466757886,45,30000
466869384,46,200000
467070789,47,10000
467421311,48,50000
467661662,49,50000
468551303,50,10000
468794866,51,80000
469933394,52,50000
470509654,53,50000
470939325,54,50000
471090024,55,30000
471247106,56,80000
471472293,57,80000
471826612,58,80000
471877455,59,80000
472578076,60,30000
473113814,61,30000
473871654,62,200000
473903387,63,10000
474243127,0,30000
474283261,1,10000
474390712,2,30000
474423394,3,80000
474674964,4,10000
475314890,5,30000
475875680,6,50000
476198196,7,10000
477074855,8,50000
477359118,9,20000
477566114,10,30000
477636912,11,30000
477851620,12,20000
477909239,13,50000
478077866,14,30000
478323516,15,10000
479461377,16,30000
480569345,17,80000
480875723,18,10000
481063829,19,80000
481263764,20,10000
481482122,21,30000
481967019,22,20000
482474842,23,10000
482904315,24,10000
483296098,25,10000
483443730,26,10000
483773241,27,50000
485053142,28,80000
485204212,29,50000
485661243,30,10000
486877888,31,30000
486999396,32,80000
487791474,33,80000
488134549,34,10000
488242744,35,30000
488560822,36,50000
489238140,37,80000
489400889,38,10000
489445214,39,10000
489694261,40,50000
489863219,41,80000
490311043,42,30000
490769115,43,30000
490775297,44,10000
491527601,45,200000
491660849,46,50000
491990530,47,50000
492873136,48,80000
494192250,49,10000
494513369,50,30000
494888959,51,80000
495183468,52,20000
495948429,53,20000
496169367,54,10000
496221335,55,50000
496428264,56,80000
497835283,57,50000
497972383,58,10000
498570728,59,200000
498699396,60,10000
499360134,61,10000
499546502,62,30000
499878234,63,80000
499881796,0,20000
500038224,1,10000
500351466,2,20000
500626204,3,10000
500684472,4,200000
500754421,5,80000
500844939,6,30000
501336280,7,20000
501426276,8,200000
501510148,9,20000
501516040,10,10000
502779502,11,30000
503142179,12,200000
503484032,13,80000
504759653,14,10000
504800999,15,30000
505007751,16,30000
505023922,17,20000
505408362,18,20000
505656734,19,50000
505792925,20,200000
506188824,21,30000
507619382,22,50000
507652179,23,30000
507904518,24,200000
507963928,25,10000
508643798,26,50000
508717865,27,50000
508842122,28,20000
509433713,29,80000
510583089,30,80000
510661049,31,50000
510730425,32,10000
510735959,33,10000
511435932,34,80000
511756014,35,20000
512294566,36,80000
512644857,37,10000
512963435,38,30000
514205833,39,50000
515209169,40,80000
515425369,41,50000
516175386,42,30000
517076030,43,50000
517375563,44,50000
517398787,45,200000
517403220,46,200000
517461928,47,80000
517775150,48,10000
518363922,49,20000
518815122,50,200000
519223970,51,10000
519318291,52,30000
519511999,53,80000
519551519,54,80000
519574348,55,30000
520296031,56,200000
520656684,57,30000
520990709,58,80000
521045126,59,20000
521317540,60,50000
522005922,61,10000
522832079,62,80000
523591801,63,10000
523718661,0,80000
525915103,1,50000
526379834,2,50000
526702031,3,30000
527442618,4,10000
527744978,5,10000
527935511,6,50000
528142716,7,30000
528400888,8,10000
528445229,9,30000
528701989,10,30000
529085362,11,80000
529289314,12,20000
529306247,13,200000
529600827,14,30000
529985565,15,30000
531026640,16,80000
531337095,17,10000
531428710,18,30000
531672938,19,200000
532051971,20,80000
532338304,21,200000
533687656,22,10000
534053604,23,50000
534148783,24,200000
534460012,25,200000
535055297,26,10000
535405004,27,80000
536054706,28,80000
536088707,29,10000
536266607,30,30000
536356550,31,80000
536705402,32,10000
536856175,33,50000
537139037,34,200000
537208540,35,10000
537224263,36,200000
537322964,37,10000
537395921,38,10000
537650602,39,80000
537985012,40,30000
538123211,41,80000
538354174,42,80000
538499330,43,30000
538959120,44,10000
539265373,45,30000
539752544,46,20000
539985953,47,10000
540067654,48,50000
540160316,49,30000
540449781,50,50000
540505960,51,50000
540666840,52,30000
541121490,53,10000
541164263,54,10000
541687665,55,10000
541760094,56,80000
542263926,57,10000
543378752,58,80000
543448037,59,80000
543490327,60,20000
544732913,61,80000
544842694,62,50000
544985927,63,10000
545199443,0,20000
545766578,1,80000
545860707,2,10000
545984371,3,30000
546014963,4,10000
546564797,5,200000
547350226,6,10000
547494392,7,30000
547547062,8,200000
547735570,9,80000
547763131,10,20000
548094434,11,30000
548597661,12,10000
549024994,13,50000
549329255,14,50000
549474826,15,10000
549676810,16,10000
550013390,17,80000
550386815,18,50000
551463866,19,10000
551481906,20,20000
552037069,21,10000
552439168,22,10000
552585058,23,10000
552988404,24,200000
554428602,25,80000
554906949,26,50000
555059729,27,30000
555614392,28,50000
555660328,29,30000
556264655,30,50000
556588667,31,10000
557844680,32,10000
558378360,33,30000
559645393,34,20000
560078296,35,10000
560963910,36,50000
561055794,37,200000
561168868,38,20000
561241408,39,30000
562220054,40,10000
563833504,41,80000
564312311,42,20000
564359179,43,200000
564505894,44,10000
564979822,45,30000
565648863,46,30000
565687492,47,10000
565745637,48,50000
565887385,49,20000
567283439,50,50000
568007522,51,30000
568125376,52,30000
569114061,53,30000
569960828,54,20000
570067045,55,10000
570231841,56,20000
570398321,57,10000
570555809,58,10000
570717385,59,10000
571145262,60,200000
572362893,61,10000
573526130,62,10000
573607429,63,10000
573922339,0,200000
574163916,1,20000
574205087,2,50000
575151662,3,10000
575164534,4,80000
575221863,5,30000
575497744,6,80000
575511403,7,10000
575650496,8,80000
576809550,9,80000
577146873,10,20000
578548975,11,10000
578815285,12,200000
578829981,13,80000
578837796,14,10000
578894039,15,10000
580547475,16,50000
580570519,17,20000
581104131,18,50000
581616384,19,50000
581920454,20,10000
582640868,21,20000
582813206,22,80000
583053356,23,80000
583173677,24,30000
583290557,25,30000
584085364,26,20000
584128270,27,30000
584214431,28,50000
584670212,29,80000
585269503,30,200000
585379033,31,10000
585573121,32,200000
585812114,33,50000
586484478,34,50000
587111415,35,10000
587335250,36,200000
587757229,37,10000
587785420,38,200000
588103198,39,80000
588208571,40,10000
588304650,41,10000
588313956,42,30000
588493392,43,10000
588632207,44,50000
589025571,45,50000
589156116,46,10000
589407191,47,200000
589858658,48,50000
590968454,49,200000
591330913,50,200000
591593614,51,50000
593170406,52,10000
593313747,53,10000
593766235,54,200000
594417390,55,200000
594528319,56,30000
595309953,57,10000
595550593,58,10000
595873864,59,50000
596133670,60,80000
596623210,61,50000
597620985,62,10000
597777426,63,10000
598107599,0,200000
598251713,1,10000
598354747,2,80000
599012507,3,20000
599026969,4,10000
599117942,5,50000
599742468,6,20000
599799079,7,80000
600211685,8,200000
600509173,9,200000
601132306,10,10000
601640898,11,30000
602695860,12,20000
603197233,13,80000
603326488,14,50000
603694374,15,30000
603973328,16,50000
604267614,17,10000
604311271,18,50000
604744574,19,30000
605922289,20,80000
606425212,21,10000
606816358,22,10000
606982339,23,50000
607595004,24,10000
607884556,25,80000
608179655,26,80000
608708532,27,30000
609256246,28,80000
609315708,29,10000
609475156,30,10000
609622333,31,10000
609815866,32,10000
609847266,33,20000
610158031,34,20000
610333392,35,30000
610625216,36,80000
611654593,37,50000
612141481,38,50000
612601989,39,50000
612779688,40,80000
612788548,41,200000
613098814,42,10000
613331945,43,30000
613510282,44,200000
614179908,45,80000
616135584,46,80000
616181782,47,30000
616726572,48,80000
617567521,49,50000
617749225,50,10000
618027214,51,50000
618271049,52,30000
618345758,53,30000
619428455,54,80000
619779117,55,10000
619955736,56,10000
620098425,57,80000
620547665,58,50000
620872757,59,30000
621030092,60,10000
621208993,61,10000
621405035,62,200000
621815351,63,10000
622634882,0,50000
622696025,1,80000
622847757,2,80000
622878065,3,20000
622930095,4,20000
623035396,5,50000
623136844,6,30000
623348663,7,200000
623437235,8,80000
624829247,9,50000
625598199,10,80000
626089211,11,30000
626419487,12,80000
626675816,13,200000
627071540,14,30000
627237828,15,80000
627769832,16,50000
628328527,17,30000
628892184,18,10000
629263314,19,20000
629744514,20,20000
629922268,21,10000
630889413,22,20000
631292344,23,80000
631411880,24,30000
631460052,25,80000
632282202,26,10000
633701686,27,200000
634251147,28,50000
634253597,29,10000
634695764,30,10000
635168901,31,20000
635585028,32,200000
635899671,33,30000
636419451,34,50000
636452706,35,30000
637237508,36,50000
638376738,37,10000
638512875,38,50000
638762481,39,30000
638905846,40,50000
639962518,41,30000
640885533,42,10000
640954528,43,80000
641537828,44,50000
641849634,45,10000
642231713,46,30000
642262639,47,80000
643075214,48,10000
643134797,49,10000
643349737,50,50000
643420024,51,50000
644857928,52,30000
644876364,53,30000
645101546,54,80000
645126055,55,20000
645319109,56,80000
646270598,57,50000
646430203,58,50000
647658164,59,10000
647738562,60,200000
649245722,61,10000
649316637,62,10000
649428873,63,10000
649509993,0,80000
649545964,1,80000
651164893,2,30000
651515057,3,30000
651588234,4,10000
652063044,5,50000
652097993,6,80000
652229863,7,10000
652487737,8,10000
653471806,9,30000
653853129,10,10000
654090020,11,200000
654674209,12,80000
654971276,13,30000
655834537,14,80000
655874124,15,10000
656331533,16,80000
656684853,17,80000
657107436,18,30000
657401979,19,30000
657495072,20,10000
657580684,21,200000
658174490,22,20000
658780932,23,80000
658830669,24,10000
658971828,25,80000
659958111,26,10000
660065837,27,200000
660504306,28,10000
660549599,29,200000
660577027,30,50000
660639823,31,50000
660729254,32,50000
663208451,33,50000
663739117,34,80000
663909102,35,10000
663984981,36,200000
664759989,37,80000
665061140,38,30000
665138597,39,10000
666078803,40,80000
666123853,41,10000
666491079,42,10000
666811748,43,10000
666813877,44,30000
667081020,45,80000
667239298,46,30000
667680847,47,30000
667779559,48,80000
668445444,49,80000
668988756,50,30000
670030284,51,80000
671621758,52,20000
671923836,53,50000
672355497,54,50000
672580918,55,20000
672623676,56,10000
672810854,57,50000
674240877,58,30000
675085633,59,30000
675473396,60,50000
676929499,61,10000
677421876,62,10000
678255591,63,80000
678420654,0,30000
678628564,1,50000
678793497,2,10000
678920211,3,80000
679057230,4,50000
679227363,5,10000
679832532,6,50000
680808015,7,30000
680944599,8,30000
682463505,9,20000
682549147,10,30000
684078969,11,30000
684228115,12,50000
684374120,13,30000
684413176,14,200000
685001909,15,30000
685751529,16,80000
687250899,17,30000
687506881,18,200000
687709192,19,20000
688020878,20,80000
688303482,21,50000
688795964,22,200000
689222889,23,200000
689864626,24,10000
690255015,25,10000
690300485,26,200000
690510378,27,50000
691067291,28,50000
691112249,29,80000
691594554,30,80000
693043519,31,30000
693334683,32,200000
693670648,33,80000
694534082,34,20000
694542424,35,20000
694614094,36,30000
694636037,37,10000
695475929,38,20000
695744403,39,30000
696291598,40,20000
697853518,41,80000
698041317,42,20000
698268944,43,30000
698481743,44,30000
698605343,45,20000
698907422,46,50000
700730705,47,10000
701707771,48,80000
701759754,49,80000
701860282,50,20000
701897774,51,10000
701979630,52,200000
701982943,53,30000
702570275,54,80000
702678923,55,10000
703242715,56,10000
703914412,57,10000
704002896,58,200000
704083399,59,20000
704285060,60,10000
704535070,61,80000
704567963,62,30000
705197072,63,30000
705466001,0,80000
706306379,1,10000
706911176,2,80000
706928513,3,80000
707096400,4,50000
707471005,5,50000
707751091,6,30000
707751593,7,50000
709142782,8,200000
709542098,9,80000
709593426,10,10000
709941395,11,200000
709992673,12,30000
711162443,13,10000
711872683,14,20000
711904461,15,30000
712055300,16,80000
712977548,17,20000
713136761,18,10000
713444150,19,50000
713541702,20,10000
713653391,21,30000
714123658,22,80000
714163666,23,10000
714234211,24,20000
714600007,25,10000
714697770,26,30000
714767534,27,20000
715159204,28,20000
715485565,29,30000
716133730,30,200000
716467821,31,80000
716476049,32,200000
717076815,33,30000
717106864,34,200000
717304727,35,80000
717498138,36,80000
718424762,37,10000
719161052,38,10000
720508717,39,30000
721583706,40,10000
721769325,41,80000
722018401,42,200000
722049942,43,80000
722409999,44,80000
722591195,45,10000
723966352,46,80000
724420704,47,50000
724808174,48,10000
726317127,49,20000
726529723,50,200000
726596761,51,30000
727228894,52,50000
727573820,53,20000
728910905,54,50000
729737310,55,80000
729916280,56,200000
730847206,57,10000
731626502,58,30000
731793792,59,10000
732117828,60,50000
732161425,61,10000
732493497,62,20000
732494651,63,80000
732720809,0,80000
733056234,1,10000
733216459,2,80000
733269758,3,80000
733372431,4,10000
733572841,5,80000
733735384,6,80000
734809453,7,80000
735032129,8,50000
735262907,9,50000
735353459,10,80000
735484497,11,80000
735826212,12,200000
736558996,13,30000
737202163,14,10000
737321426,15,30000
738556751,16,20000
738917285,17,80000
738989371,18,30000
740146744,19,30000
741200966,20,80000
741437496,21,20000
742670472,22,30000
742787295,23,10000
743417010,24,10000
743667993,25,10000
745027699,26,80000
746860086,27,50000
746879685,28,10000
747541912,29,50000
747564445,30,50000
747967340,31,80000
748754663,32,80000
748943730,33,30000
749500170,34,30000
750582256,35,30000
750685448,36,50000
751366926,37,50000
751375294,38,30000
752292209,39,10000
753336900,40,30000
753379371,41,30000
753906446,42,30000
754159674,43,200000
754707791,44,10000
754753227,45,50000
755203014,46,10000
756628866,47,50000
757062252,48,30000
757433018,49,20000
757618446,50,30000
757845095,51,10000
758064082,52,200000
758303643,53,200000
758306258,54,50000
758974767,55,10000
759166882,56,30000
759360136,57,80000
759756860,58,20000
759835399,59,200000
759919479,60,10000
759969473,61,50000
760938846,62,20000
760942834,63,200000
761485346,0,200000
761727406,1,80000
762220694,2,80000
766018025,3,10000
766350587,4,50000
766711428,5,200000
766970878,6,10000
767070732,7,80000
767672014,8,200000
767868744,9,30000
768270399,10,80000
768582722,11,50000
769103943,12,50000
769202909,13,30000
770374921,14,10000
770589633,15,20000
771544521,16,10000
771758045,17,200000
772617385,18,10000
773419280,19,80000
773439434,20,10000
774111594,21,80000
774302986,22,50000
774330808,23,10000
774352888,24,80000
774482696,25,50000
774526898,26,50000
774998837,27,20000
775798534,28,30000
776006897,29,50000
777221752,30,80000
777340580,31,10000
777355156,32,10000
777431461,33,10000
777457955,34,80000
778110136,35,50000
778203871,36,80000
778311678,37,80000
778983751,38,200000
778993487,39,20000
779181576,40,10000
779412629,41,50000
779819561,42,80000
779875534,43,80000
780004881,44,10000
780609888,45,30000
781054529,46,30000
781767508,47,80000
782102909,48,50000
782449784,49,200000
782481946,50,20000
783115339,51,200000
784233277,52,30000
784296635,53,30000
784523454,54,200000
784614635,55,30000
785248274,56,10000
785276113,57,10000
785806596,58,30000
785986112,59,30000
786441084,60,80000
787169433,61,80000
787394144,62,10000
787534004,63,80000
787570675,0,30000
787579309,1,50000
789331177,2,10000
789411476,3,80000
789968875,4,10000
790126076,5,30000
790544288,6,10000
790779832,7,50000
791214744,8,80000
791357841,9,200000
791638599,10,30000
792091862,11,80000
792613794,12,10000
793185033,13,10000
793739264,14,50000
793851376,15,200000
794005208,16,30000
794015913,17,50000
794261524,18,80000
794288010,19,10000
794547601,20,10000
794829398,21,30000
795149954,22,10000
795510683,23,80000
795614414,24,50000
795692573,25,20000
795892905,26,20000
796748404,27,80000
797402627,28,200000
797682634,29,200000
798384825,30,80000
798958971,31,20000
799735692,32,10000
799738845,33,50000
799943996,34,10000
799977681,35,30000
800129016,36,30000
800262219,37,200000
800411096,38,30000
800441800,39,200000
800630622,40,200000
800638004,41,10000
801059717,42,20000
801184686,43,80000
801489588,44,50000
801593908,45,10000
801922940,46,80000
802327363,47,20000
802827856,48,50000
803059740,49,30000
803170062,50,10000
803478076,51,10000
803528163,52,80000
803667705,53,20000
803758784,54,10000
804016072,55,50000
804044804,56,50000
804326598,57,50000
804733405,58,10000
805458747,59,50000
805683900,60,200000
805730725,61,50000
805959845,62,80000
806150596,63,80000
806340281,0,80000
806419548,1,30000
807711073,2,200000
808051373,3,80000
808068965,4,10000
808277302,5,50000
808497740,6,80000
808584541,7,30000
809412395,8,30000
809768459,9,200000
811027242,10,10000
811580817,11,30000
812649365,12,10000
813438260,13,50000
814014446,14,50000
814099065,15,80000
814103608,16,200000
814188343,17,80000
814549011,18,80000
815694837,19,50000
816111793,20,10000
816700564,21,80000
816714224,22,50000
816769328,23,200000
816925871,24,30000
817012621,25,200000
818093179,26,200000
818371612,27,10000
819058176,28,10000
819067111,29,50000
819118263,30,10000
819351992,31,10000
819480375,32,30000
819619863,33,20000
819983782,34,10000
820659245,35,30000
820949068,36,50000
821540352,37,30000
821775075,38,20000
821782988,39,30000
821887361,40,80000
822670736,41,80000
822866453,42,10000
822913160,43,50000
822961964,44,30000
822978728,45,50000
823184827,46,30000
823494283,47,30000
824873614,48,10000
825660656,49,10000
825750403,50,80000
826369058,51,10000
826995628,52,50000
827114286,53,50000
827224719,54,50000
827337663,55,10000
827553235,56,30000
827803732,57,80000
828363015,58,200000
829292386,59,200000
829522443,60,200000
831958426,61,30000
832067363,62,10000
832118134,63,10000
832168387,0,30000
832171591,1,20000
833267652,2,20000
833674646,3,30000
833782864,4,200000
834179534,5,10000
834198654,6,30000
835238325,7,30000
835379641,8,200000
835760533,9,50000
836270238,10,30000
836406064,11,10000
836566657,12,50000
837032139,13,10000
837139628,14,10000
837686192,15,10000
837936335,16,200000
838554680,17,30000
839165492,18,80000
839469036,19,30000
839738792,20,50000
839843456,21,20000
839865829,22,10000
840990517,23,80000
841289516,24,80000
841475705,25,30000
841747079,26,50000
841976698,27,30000
842553238,28,10000
843743657,29,50000
843924600,30,20000
844554591,31,80000
844748688,32,50000
845054353,33,80000
845486608,34,10000
845819114,35,200000
845822357,36,50000
846102271,37,10000
846482398,38,10000
847116913,39,80000
847399010,40,80000
847596611,41,20000
847947059,42,80000
848346375,43,10000
848423265,44,10000
848875499,45,30000
848896168,46,30000
849248631,47,30000
849930416,48,200000
850901976,49,200000
851226182,50,200000
851390262,51,10000
851528207,52,80000
851923124,53,200000
853139557,54,10000
853949995,55,50000
854584672,56,50000
854930473,57,20000
855407375,58,200000
855684222,59,80000
855742036,60,10000
855781673,61,30000
855899332,62,10000
856846872,63,200000
857714166,0,200000
858275087,1,50000
858280130,2,200000
858328446,3,30000
859268857,4,80000
859892990,5,200000
860099258,6,200000
860153489,7,80000
860565688,8,10000
860670224,9,50000
861768524,10,80000
863423381,11,30000
863790825,12,50000
863944648,13,30000
864052700,14,80000
864217164,15,10000
865079085,16,80000
866465441,17,30000
866873403,18,200000
868993090,19,80000
869045476,20,10000
869237905,21,30000
869450839,22,50000
870086036,23,10000
870120521,24,50000
870855226,25,200000
871290761,26,30000
871699990,27,20000
871843512,28,50000
871897154,29,10000
872032415,30,50000
872158681,31,200000
873670050,32,80000
873791139,33,10000
873883472,34,30000
874465414,35,200000
874478182,36,200000
874554727,37,20000
874591066,38,10000
875137481,39,10000
875216099,40,50000
875992435,41,30000
876774274,42,200000
877736093,43,80000
878091674,44,10000
878145649,45,50000
878473293,46,10000
878812980,47,30000
879105941,48,10000
879170502,49,50000
879466987,50,10000
880004225,51,10000
880113926,52,80000
880136954,53,20000
880143145,54,20000
881140373,55,80000
882294611,56,80000
882900982,57,20000
882947903,58,80000
883153950,59,10000
883230025,60,200000
883279385,61,80000
883345438,62,50000
883367183,63,200000
883456607,0,80000
883817023,1,200000
883944444,2,50000
884012619,3,10000
884261680,4,10000
884503533,5,20000
885342248,6,30000
885557126,7,10000
886481571,8,80000
886846851,9,30000
887817781,10,200000
888174841,11,20000
888437318,12,30000
889611722,13,10000
889864575,14,10000
891309198,15,200000
891977503,16,200000
892512447,17,200000
892668127,18,10000
892969507,19,10000
893293675,20,10000
894150727,21,10000
894174780,22,30000
894874325,23,200000
894896554,24,80000
895748114,25,10000
895795326,26,50000
897016880,27,200000
898032221,28,80000
898544822,29,80000
898737204,30,50000
898849099,31,10000
899232488,32,10000
899626465,33,10000
899750993,34,30000
899805233,35,30000
900463103,36,20000
900532920,37,50000
900922477,38,80000
901163997,39,50000
901383969,40,30000
902084942,41,200000
902110808,42,20000
902483386,43,10000
902505598,44,200000
903444357,45,50000
903673520,46,10000
903920508,47,80000
903975160,48,50000
904102246,49,200000
904113367,50,80000
904789129,51,80000
904846867,52,10000
905188704,53,50000
905710159,54,20000
907099979,55,10000
907190102,56,80000
907449006,57,30000
907795872,58,200000
907924744,59,10000
908038734,60,10000
908517464,61,30000
909983000,62,200000
910803369,63,10000
911095768,0,50000
912699366,1,80000
912953916,2,80000
913227373,3,80000
913403212,4,80000
913737976,5,20000
914002924,6,30000
914079322,7,80000
914213577,8,20000
914363289,9,50000
914934216,10,10000
915452721,11,50000
915749356,12,200000
916297709,13,80000
917075838,14,80000
917380085,15,30000
918061803,16,80000
918342133,17,20000
918427648,18,10000
919524699,19,10000
920212274,20,80000
920367617,21,20000
920564563,22,10000
921107737,23,50000
921848012,24,80000
923282687,25,30000
923797478,26,10000
924277892,27,50000
924279514,28,50000
924663168,29,10000
925096830,30,80000
925372729,31,20000
925995376,32,20000
925999297,33,10000
926572847,34,20000
926832882,35,80000
927089846,36,50000
927113503,37,50000
927239261,38,30000
927598123,39,30000
927707024,40,10000
927964118,41,10000
928210402,42,80000
928872460,43,20000
929168907,44,30000
930701513,45,10000
932202196,46,80000
932653976,47,80000
932839426,48,80000
932898343,49,80000
932937462,50,80000
933367137,51,10000
934274547,52,80000
934546947,53,50000
935110798,54,80000
935132205,55,80000
935433122,56,30000
935436734,57,10000
936355753,58,20000
936388868,59,10000
936786458,60,30000
936838618,61,10000
937221765,62,50000
937826447,63,30000
938413431,0,30000
938456281,1,10000
939563894,2,80000
939956222,3,30000
940130025,4,10000
941316388,5,200000
941895605,6,30000
941963780,7,200000
942227392,8,50000
943123839,9,10000
943171076,10,80000
943755267,11,10000
944137678,12,20000
944635642,13,30000
944757838,14,80000
945007133,15,10000
945110235,16,30000
945179540,17,50000
945356908,18,80000
945390843,19,80000
945613610,20,80000
945742786,21,50000
945755371,22,50000
946021635,23,10000
946564614,24,10000
947330681,25,80000
947584553,26,80000
947704393,27,10000
948004142,28,20000
948089242,29,30000
949318948,30,20000
949417021,31,200000
949945454,32,200000
950993706,33,50000
951459368,34,80000
951536319,35,80000
952236711,36,10000
952790308,37,20000
954117268,38,10000
954294317,39,200000
954324747,40,10000
954616534,41,200000
954637164,42,20000
954800384,43,30000
955129763,44,10000
955650983,45,80000
955743360,46,50000
955762353,47,10000
956108614,48,30000
957103419,49,200000
957372918,50,200000
957472183,51,80000
958304375,52,10000
958459537,53,20000
959786258,54,10000
960092089,55,30000
960280391,56,200000
960498065,57,30000
961518793,58,50000
962126767,59,20000
962218744,60,10000
962315681,61,30000
962365537,62,10000
962468069,63,30000
962744374,0,50000
963808065,1,80000
964350831,2,30000
965193724,3,80000
965966188,4,10000
966149891,5,10000
966156670,6,20000
966389063,7,10000
966440198,8,80000
966450361,9,10000
966613709,10,200000
967205987,11,200000
967882700,12,80000
968081703,13,50000
968690628,14,80000
969665627,15,50000
969887865,16,80000
970627546,17,10000
970703696,18,50000
971189116,19,50000
971189742,20,50000
971517515,21,10000
972045059,22,50000
972579135,23,50000
972950097,24,10000
973114580,25,10000
973727261,26,80000
973928059,27,10000
973965277,28,50000
974333188,29,10000
974527324,30,80000
975011360,31,10000
976429279,32,20000
976583733,33,200000
977068946,34,80000
978243514,35,80000
978304614,36,50000
978562630,37,200000
978758559,38,30000
978932670,39,80000
979415653,40,30000
979913392,41,50000
979922333,42,50000
980034099,43,30000
980074812,44,80000
980155493,45,10000
980325989,46,10000
981063098,47,200000
981140720,48,30000
981268065,49,30000
981874362,50,10000
982025916,51,50000
982412636,52,50000
982451523,53,20000
982576638,54,10000
982760024,55,200000
982786980,56,30000
983206552,57,20000
983413129,58,10000
983601333,59,10000
984124259,60,10000
984195873,61,30000
984393830,62,80000
984994745,63,200000
984995683,0,10000
985327818,1,30000
986006313,2,80000
986073952,3,10000
987120374,4,10000
987614395,5,30000
988089897,6,50000
988281712,7,200000
988768139,8,80000
989625618,9,10000
989661207,10,30000
989940342,11,30000
990173808,12,50000
991962409,13,20000
992250146,14,80000
992483544,15,50000
992517289,16,10000
992669498,17,80000
993525749,18,10000
993538472,19,30000
993579228,20,30000
995025170,21,10000
995175027,22,10000
995373993,23,200000
995770114,24,10000
996965183,25,10000
997106493,26,80000
997523958,27,10000
997790237,28,30000
997825763,29,30000
998168952,30,10000
998176239,31,30000
998594716,32,10000
